{"stat.chestOpened":12,"stat.walkOneCm":69000,"stat.useItem.minecraft.potato":1,"stat.leaveGame":1,"stat.mineBlock.minecraft.cobblestone":4,"stat.furnaceInteraction":2,"stat.useItem.minecraft.apple":2,"stat.talkedToVillager":3,"ftbl.stat.last_seen":{"value":0,"progress":1491556513888},"stat.jump":291,"stat.swimOneCm":230,"stat.fallOneCm":9972,"stat.climbOneCm":172,"stat.killEntity.arsmagica2.Dryad":1,"stat.pickup.minecraft.carrot":16,"stat.mineBlock.forestry.planks.fireproof.1":1,"stat.crouchOneCm":301,"stat.pickup.minecraft.chicken":4,"stat.pickup.minecraft.sapling":3,"stat.sprintOneCm":69555,"achievement.exploreAllBiomes":{"value":0,"progress":["Forest","River","Plains","Taiga","TaigaHills"]},"stat.mineBlock.arsmagica2.aum":6,"stat.mineBlock.minecraft.iron_bars":1,"stat.useItem.minecraft.sapling":3,"achievement.openInventory":10,"stat.useItem.minecraft.iron_sword":8,"stat.pickup.arsmagica2.aum":5,"stat.mineBlock.minecraft.glass_pane":1,"stat.pickup.minecraft.feather":2,"stat.damageTaken":110,"stat.pickup.forestry.planks.fireproof.1":1,"stat.useItem.minecraft.pumpkin_pie":1,"stat.useItem.minecraft.carrot":4,"stat.pickup.minecraft.cobblestone":4,"stat.mobKills":1,"ftbl.stat.first_joined":{"value":0,"progress":1491555478618},"achievement.cfm_install":1,"stat.flyOneCm":40526,"stat.pickup.minecraft.bed":1,"stat.pickup.minecraft.potato":16,"stat.playOneMinute":13061,"stat.pickup.minecraft.torch":7,"stat.useItem.minecraft.cooked_beef":1,"stat.sneakTime":85,"stat.damageDealt":272,"stat.timeSinceDeath":13061,"stat.pickup.minecraft.iron_bars":1,"stat.useItem.minecraft.iron_pickaxe":6,"stat.diveOneCm":689}